{"test": {"loss": [0.6941424012184143, 0.6934462785720825, 0.69243323802948, 0.6916984915733337, 0.6933143138885498, 0.6959407329559326, 0.6940112709999084, 0.7182868123054504, 0.7630525827407837, 0.6970660090446472, 0.8333689570426941, 0.8016482591629028, 1.1044974327087402, 0.962534487247467, 1.3846261501312256, 1.256861925125122, 1.628873348236084, 2.0659384727478027, 1.9364855289459229, 2.472886800765991, 2.49344801902771, 2.926513433456421, 2.8358278274536133, 2.6172597408294678, 2.7166600227355957, 2.9413747787475586, 3.170708656311035, 3.2870571613311768, 3.4668452739715576, 3.281891107559204, 3.0557382106781006, 2.9311208724975586, 2.5797200202941895, 1.6036032438278198, 1.9732470512390137, 1.9570984840393066, 2.209341287612915, 2.244467258453369, 2.6108245849609375, 2.8801069259643555, 2.828596830368042, 2.9606969356536865, 3.09173583984375, 3.164189577102661, 3.1201319694519043, 3.2716941833496094, 3.2872800827026367, 3.2963595390319824, 3.394650936126709, 3.5405640602111816, 3.570004940032959, 3.551314115524292, 3.811300039291382, 3.782665491104126, 3.637296438217163, 2.9207823276519775, 3.3219046592712402, 2.1156060695648193, 1.7908997535705566, 2.0904557704925537, 1.9257054328918457, 2.263239860534668, 2.495173454284668, 2.6164820194244385, 2.807556390762329, 2.8289976119995117, 2.9685025215148926, 2.8677706718444824, 3.03710675239563, 2.931652545928955, 2.9444096088409424, 3.155876636505127, 3.04024600982666, 3.0503430366516113, 3.0884108543395996, 3.223670482635498, 3.1600418090820312, 3.2294816970825195, 3.2742085456848145, 3.373795747756958, 3.385791778564453, 3.352595806121826, 3.359095335006714, 3.3641276359558105, 3.5807814598083496, 3.4618148803710938, 3.366205930709839, 3.405451774597168, 3.6051878929138184, 3.510986328125, 3.592778205871582, 3.5399420261383057, 3.7070810794830322, 3.739999532699585, 3.8236746788024902, 1.5791617631912231, 1.4504847526550293, 2.010097026824951, 1.195695400238037, 2.229900598526001], "accuracy": [0.48076921701431274, 0.4711538553237915, 0.48076921701431274, 0.5384615659713745, 0.49038460850715637, 0.4711538553237915, 0.48076921701431274, 0.5096153616905212, 0.49038460850715637, 0.4423076808452606, 0.5, 0.4615384638309479, 0.4711538553237915, 0.5096153616905212, 0.4711538553237915, 0.5288461446762085, 0.5, 0.45192307233810425, 0.49038460850715637, 0.557692289352417, 0.5, 0.5096153616905212, 0.5096153616905212, 0.5288461446762085, 0.5192307829856873, 0.5192307829856873, 0.5096153616905212, 0.5192307829856873, 0.5384615659713745, 0.5096153616905212, 0.5096153616905212, 0.5096153616905212, 0.5865384340286255, 0.42307692766189575, 0.5192307829856873, 0.5192307829856873, 0.4711538553237915, 0.5192307829856873, 0.5, 0.5384615659713745, 0.5480769276618958, 0.5480769276618958, 0.5480769276618958, 0.5384615659713745, 0.5480769276618958, 0.5288461446762085, 0.5384615659713745, 0.5480769276618958, 0.5288461446762085, 0.5192307829856873, 0.48076921701431274, 0.5, 0.48076921701431274, 0.5096153616905212, 0.5096153616905212, 0.5096153616905212, 0.5096153616905212, 0.5480769276618958, 0.5384615659713745, 0.5480769276618958, 0.49038460850715637, 0.567307710647583, 0.5865384340286255, 0.5865384340286255, 0.557692289352417, 0.557692289352417, 0.557692289352417, 0.557692289352417, 0.567307710647583, 0.5769230723381042, 0.5865384340286255, 0.5480769276618958, 0.567307710647583, 0.557692289352417, 0.567307710647583, 0.5480769276618958, 0.5480769276618958, 0.5480769276618958, 0.5384615659713745, 0.5192307829856873, 0.5288461446762085, 0.5384615659713745, 0.5384615659713745, 0.557692289352417, 0.5384615659713745, 0.5288461446762085, 0.567307710647583, 0.557692289352417, 0.5480769276618958, 0.5480769276618958, 0.5288461446762085, 0.5288461446762085, 0.5288461446762085, 0.5192307829856873, 0.5480769276618958, 0.5384615659713745, 0.49038460850715637, 0.5, 0.5384615659713745, 0.5288461446762085]}, "train": {"loss": [1.0075989961624146, 0.6936347484588623, 0.6920987963676453, 0.6901529431343079, 0.6903243064880371, 0.6790422201156616, 0.6907793283462524, 0.668187141418457, 0.6546003222465515, 0.6259071230888367, 0.5954458117485046, 0.5370228290557861, 0.4698595404624939, 0.3824642598628998, 0.2769443690776825, 0.2730301320552826, 0.17035318911075592, 0.14559248089790344, 0.07242128998041153, 0.054154809564352036, 0.07538570463657379, 0.023129945620894432, 0.028401535004377365, 0.01913994736969471, 0.006732550915330648, 0.0021306308917701244, 0.0020804698579013348, 0.0017667945940047503, 0.0020067368168383837, 0.005260059610009193, 0.015407626517117023, 0.01506037823855877, 0.08521589636802673, 0.3285504877567291, 0.21115359663963318, 0.07496284693479538, 0.09526065737009048, 0.02727281115949154, 0.01887659914791584, 0.0030439437832683325, 0.001780330203473568, 0.0013898038305342197, 0.001252242480404675, 0.0010536705376580358, 0.0009923508623614907, 0.0009208997362293303, 0.0009049381478689611, 0.000877907034009695, 0.0007325471378862858, 0.0007408336387015879, 0.0006929155788384378, 0.0007550115115009248, 0.0006922145839780569, 0.0006278776563704014, 0.0013220955152064562, 0.01312466710805893, 0.013118907809257507, 0.10143236070871353, 0.07669433951377869, 0.10749803483486176, 0.059524912387132645, 0.014881729148328304, 0.0023839350324124098, 0.0012953681871294975, 0.0008441092213615775, 0.0007454775040969253, 0.0006859543500468135, 0.0006222074152901769, 0.0005823196261189878, 0.0005605458281934261, 0.0005322062061168253, 0.000494633219204843, 0.0005057038506492972, 0.0004889577976427972, 0.00048353904276154935, 0.00043473925325088203, 0.00043314433423802257, 0.0004622706910595298, 0.0004333249817136675, 0.00044139751116745174, 0.0004347885260358453, 0.0004443159559741616, 0.0004078115161973983, 0.000399958313209936, 0.00041406878153793514, 0.00043535110307857394, 0.0003795427328441292, 0.00036858601379208267, 0.00036483517033047974, 0.000336089899064973, 0.00036066060420125723, 0.0003570950648281723, 0.000368451583199203, 0.00043639561044983566, 0.013201706111431122, 0.42288509011268616, 0.22257041931152344, 0.132198765873909, 0.1819908320903778, 0.04704432189464569], "accuracy": [0.5493197441101074, 0.4897959232330322, 0.5017006993293762, 0.5799319744110107, 0.5068027377128601, 0.581632673740387, 0.5714285969734192, 0.6020408272743225, 0.6054421663284302, 0.6573128700256348, 0.7083333134651184, 0.7117347121238708, 0.769557774066925, 0.831632673740387, 0.8826530575752258, 0.8877550959587097, 0.9515306353569031, 0.9489796161651611, 0.9821428656578064, 0.9872449040412903, 0.9795918464660645, 0.9948979616165161, 0.9897959232330322, 0.9948979616165161, 1.0, 1.0, 1.0, 1.0, 1.0, 0.9974489808082581, 0.9974489808082581, 0.9948979616165161, 0.9770408272743225, 0.8843536972999573, 0.9336734414100647, 0.9795918464660645, 0.9795918464660645, 0.9897959232330322, 0.9974489808082581, 1.0, 1.0, 1.0, 1.0, 1.0, 1.0, 1.0, 1.0, 1.0, 1.0, 1.0, 1.0, 1.0, 1.0, 1.0, 1.0, 0.9948979616165161, 0.9948979616165161, 0.9770408272743225, 0.9685373902320862, 0.9642857313156128, 0.9897959232330322, 0.9974489808082581, 1.0, 1.0, 1.0, 1.0, 1.0, 1.0, 1.0, 1.0, 1.0, 1.0, 1.0, 1.0, 1.0, 1.0, 1.0, 1.0, 1.0, 1.0, 1.0, 1.0, 1.0, 1.0, 1.0, 1.0, 1.0, 1.0, 1.0, 1.0, 1.0, 1.0, 1.0, 1.0, 0.9948979616165161, 0.8732993602752686, 0.9175170063972473, 0.9557822942733765, 0.9710884094238281, 0.9923469424247742]}}